chain,resi,resn,atom_name,interacting_atom,interacting_resn,interacting_chain,distance (angstroms),residue_one_letter,full_atom_name,interacting_full_atom_name
A,10,PHE,O,N6,ATP,F,4.725113868713379,F,Oxygen,Nitrogen 6
A,11,ARG,CB,N7,ATP,F,3.727280616760254,R,Carbon beta,Nitrogen 7
A,12,PRO,CD,N1,ATP,F,3.5344064235687256,P,Carbon delta,Nitrogen 1
A,144,ARG,NH2,CG,GLU,D,2.8422062397003174,R,Nitrogen eta 2,Carbon gamma
A,155,ASN,ND2,OE1,GLU,D,4.369622707366943,N,Nitrogen delta 2,Oxygen epsilon 1
A,157,LYS,NZ,OE1,GLU,D,3.1256048679351807,K,Nitrogen zeta,Oxygen epsilon 1
A,157,LYS,NZ,OH,TYR,D,3.308893918991089,K,Nitrogen zeta,Unknown
A,158,VAL,O,CD,GLU,D,4.183344841003418,V,Oxygen,Carbon delta
A,159,ARG,NH2,CB,ASP,D,4.772554397583008,R,Nitrogen eta 2,Carbon beta
A,159,ARG,NH1,CG,GLU,D,2.9586424827575684,R,Nitrogen eta 1,Carbon gamma
A,159,ARG,NH1,C,MET,D,3.354753255844116,R,Nitrogen eta 1,Carbon
A,160,GLU,N,OE2,GLU,D,3.7260138988494873,E,Nitrogen,Oxygen epsilon 2
A,160,GLU,OE2,OG,SER,D,3.7660045623779297,E,Oxygen epsilon 2,Oxygen gamma
A,160,GLU,O,CG2,THR,D,4.625497341156006,E,Oxygen,Carbon gamma 2
A,161,GLU,OE2,SD,MET,D,4.948920249938965,E,Oxygen epsilon 2,Unknown
A,167,TRP,CZ2,SD,MET,D,3.7590065002441406,W,Unknown,Unknown
A,169,GLU,OE1,OD2,ASP,D,4.695303440093994,E,Oxygen epsilon 1,Oxygen delta 2
A,169,GLU,OE1,CE,MET,D,3.6555497646331787,E,Oxygen epsilon 1,Carbon epsilon
A,201,ASN,ND2,O2G,ATP,F,2.753934383392334,N,Nitrogen delta 2,Oxygen 2 gamma
A,203,HIS,O,O2G,ATP,F,4.121236801147461,H,Oxygen,Oxygen 2 gamma
A,204,SER,CA,O2G,ATP,F,3.1589181423187256,S,Carbon alpha,Oxygen 2 gamma
A,205,SER,OG,O1G,ATP,F,3.032330274581909,S,Oxygen gamma,Oxygen 1 gamma
A,235,LEU,O,O3G,ATP,F,4.898944854736328,L,Oxygen,Oxygen 3 gamma
A,236,ALA,C,O3G,ATP,F,4.390854835510254,A,Carbon,Oxygen 3 gamma
A,237,GLY,N,O3G,ATP,F,3.392756223678589,G,Nitrogen,Oxygen 3 gamma
A,238,SER,OG,OE1,GLU,C,2.4636032581329346,S,Oxygen gamma,Oxygen epsilon 1
A,239,GLU,O,CB,GLU,C,4.0876994132995605,E,Oxygen,Carbon beta
A,239,GLU,O,O,GLY,C,4.454426288604736,E,Oxygen,Oxygen
A,240,LYS,NZ,OE2,GLU,C,2.4469592571258545,K,Nitrogen zeta,Oxygen epsilon 2
A,240,LYS,CE,C,GLY,C,4.861060619354248,K,Carbon epsilon,Carbon
A,241,VAL,N,OE1,GLU,C,4.734107494354248,V,Nitrogen,Oxygen epsilon 1
A,241,VAL,CG2,O,GLY,C,3.0239388942718506,V,Carbon gamma 2,Oxygen
A,241,VAL,CG1,NZ,LYS,C,4.737598896026611,V,Unknown,Nitrogen zeta
A,241,VAL,CB,CD1,TYR,C,3.8176207542419434,V,Carbon beta,Carbon delta 1
A,242,SER,N,CE1,TYR,C,4.2089080810546875,S,Nitrogen,Carbon epsilon 1
A,245,GLY,O,NZ,LYS,C,4.414155006408691,G,Oxygen,Nitrogen zeta
A,246,ALA,O,NZ,LYS,C,3.3839914798736572,A,Oxygen,Nitrogen zeta
A,247,GLU,OE1,NZ,LYS,C,2.883037567138672,E,Oxygen epsilon 1,Nitrogen zeta
A,251,LEU,CD1,O,GLU,C,4.862936496734619,L,Carbon delta 1,Oxygen
A,251,LEU,CD1,CA,GLY,C,4.606423377990723,L,Carbon delta 1,Carbon alpha
A,251,LEU,CD2,CG2,THR,C,4.473957061767578,L,Carbon delta 2,Carbon gamma 2
A,251,LEU,CD2,O,TYR,C,4.420769214630127,L,Carbon delta 2,Oxygen
A,255,LYS,CE,O,GLU,C,3.6135330200195312,K,Carbon epsilon,Oxygen
A,255,LYS,CD,O,GLY,C,3.1438910961151123,K,Carbon delta,Oxygen
A,255,LYS,NZ,CG2,THR,C,3.085299491882324,K,Nitrogen zeta,Carbon gamma 2
A,255,LYS,O,O,VAL,C,3.8806381225585938,K,Oxygen,Oxygen
A,258,ASN,ND2,N,GLU,C,3.9738552570343018,N,Nitrogen delta 2,Nitrogen
A,258,ASN,ND2,O,GLY,C,3.740295648574829,N,Nitrogen delta 2,Oxygen
A,258,ASN,ND2,O,MET,C,3.529235601425171,N,Nitrogen delta 2,Oxygen
A,258,ASN,C,CG1,VAL,C,3.424839973449707,N,Carbon,Unknown
A,259,LYS,N,CG1,VAL,C,3.350055694580078,K,Nitrogen,Unknown
A,262,SER,OG,OE2,GLU,C,2.475701093673706,S,Oxygen gamma,Oxygen epsilon 2
A,262,SER,CB,CG1,VAL,C,4.263443946838379,S,Carbon beta,Unknown
A,266,ASN,OD1,CG,ARG,C,3.6167283058166504,N,Oxygen delta 1,Carbon gamma
A,266,ASN,OD1,OE2,GLU,C,4.249111175537109,N,Oxygen delta 1,Oxygen epsilon 2
A,276,LYS,CB,OE1,GLN,D,3.9248790740966797,K,Carbon beta,Oxygen epsilon 1
A,277,THR,OG1,CB,GLN,D,4.495031356811523,T,Oxygen gamma 1,Carbon beta
A,277,THR,OG1,O,SER,D,4.996054172515869,T,Oxygen gamma 1,Oxygen
A,278,HIS,CE1,OD1,ASP,D,3.2967381477355957,H,Carbon epsilon 1,Oxygen delta 1
A,278,HIS,O,OE1,GLN,D,2.608081102371216,H,Oxygen,Oxygen epsilon 1
A,278,HIS,NE2,CB,GLU,D,3.493575096130371,H,Nitrogen epsilon 2,Carbon beta
A,278,HIS,CB,O,SER,D,3.803403854370117,H,Carbon beta,Oxygen
A,279,ILE,O,OD1,ASP,D,4.581638336181641,I,Oxygen,Oxygen delta 1
A,279,ILE,N,OE1,GLN,D,4.645886421203613,I,Nitrogen,Oxygen epsilon 1
A,282,ARG,CB,NH1,ARG,D,3.301806926727295,R,Carbon beta,Nitrogen eta 1
A,282,ARG,CD,OD1,ASN,D,3.077681064605713,R,Carbon delta,Oxygen delta 1
A,282,ARG,CD,OD2,ASP,D,3.0300405025482178,R,Carbon delta,Oxygen delta 2
A,282,ARG,NH1,OE1,GLU,D,2.553194284439087,R,Nitrogen eta 1,Oxygen epsilon 1
A,282,ARG,NH1,CE1,HIS,D,4.610182285308838,R,Nitrogen eta 1,Carbon epsilon 1
A,282,ARG,NH2,OG,SER,D,3.1985061168670654,R,Nitrogen eta 2,Oxygen gamma
A,283,ASP,OD1,CD,ARG,D,3.222170352935791,D,Oxygen delta 1,Carbon delta
A,283,ASP,OD1,OE1,GLU,D,4.307210922241211,D,Oxygen delta 1,Oxygen epsilon 1
A,283,ASP,OD1,CG,PRO,D,4.89630651473999,D,Oxygen delta 1,Carbon gamma
A,285,LYS,NZ,OE1,GLU,D,3.0884530544281006,K,Nitrogen zeta,Oxygen epsilon 1
A,288,ARG,NH2,OE1,GLU,D,3.2484686374664307,R,Nitrogen eta 2,Oxygen epsilon 1
A,288,ARG,NH2,OG,SER,D,4.497596263885498,R,Nitrogen eta 2,Oxygen gamma
A,314,SER,OG,CD,GLU,C,3.715576410293579,S,Oxygen gamma,Carbon delta
A,314,SER,OG,O,GLY,C,4.539711952209473,S,Oxygen gamma,Oxygen
A,315,GLU,CG,OE2,GLU,C,3.8997204303741455,E,Carbon gamma,Oxygen epsilon 2
A,317,LYS,NZ,OE2,GLU,C,4.254336357116699,K,Nitrogen zeta,Oxygen epsilon 2
A,318,SER,OG,OE1,GLU,C,4.97233247756958,S,Oxygen gamma,Oxygen epsilon 1
A,318,SER,OG,CA,GLY,C,4.6006999015808105,S,Oxygen gamma,Carbon alpha
A,325,ARG,NH1,NH2,ARG,C,4.43218469619751,R,Nitrogen eta 1,Nitrogen eta 2
A,339,LEU,O,CB,ALA,B,3.670095682144165,L,Oxygen,Carbon beta
A,340,THR,C,CB,ALA,B,4.087528228759766,T,Carbon,Carbon beta
A,341,ALA,N,CB,ALA,B,3.7404656410217285,A,Nitrogen,Carbon beta
A,341,ALA,CB,O,LEU,B,3.7990596294403076,A,Carbon beta,Oxygen
A,341,ALA,CB,C,THR,B,4.10068941116333,A,Carbon beta,Carbon
A,341,ALA,O,CD1,TRP,B,3.3733487129211426,A,Oxygen,Carbon delta 1
A,344,TRP,CD1,O,ALA,B,3.351350784301758,W,Carbon delta 1,Oxygen
A,344,TRP,CZ2,CG,LYS,B,3.7510955333709717,W,Unknown,Carbon gamma
A,344,TRP,CB,CB,TRP,B,3.344048261642456,W,Carbon beta,Carbon beta
A,344,TRP,CZ3,CD1,TYR,B,3.3765597343444824,W,Unknown,Carbon delta 1
A,345,LYS,CG,CZ2,TRP,B,3.7574830055236816,K,Carbon gamma,Unknown
A,347,ARG,C,CD2,TYR,B,3.724337100982666,R,Carbon,Carbon delta 2
A,348,TYR,CD2,O,ARG,B,3.694765090942383,Y,Carbon delta 2,Oxygen
A,348,TYR,CE2,CG,GLU,B,3.4399263858795166,Y,Carbon epsilon 2,Carbon gamma
A,348,TYR,CD1,CZ3,TRP,B,3.3852834701538086,Y,Carbon delta 1,Unknown
A,348,TYR,N,CD2,TYR,B,3.89155912399292,Y,Nitrogen,Carbon delta 2
A,351,GLU,OE2,ND2,ASN,B,2.0588910579681396,E,Oxygen epsilon 2,Nitrogen delta 2
A,351,GLU,CB,CB,GLU,B,4.355100631713867,E,Carbon beta,Carbon beta
A,351,GLU,OE2,CA,LYS,B,4.17251443862915,E,Oxygen epsilon 2,Carbon alpha
A,351,GLU,CG,CE2,TYR,B,3.391550302505493,E,Carbon gamma,Carbon epsilon 2
A,352,LYS,N,ND2,ASN,B,4.932609558105469,K,Nitrogen,Nitrogen delta 2
A,352,LYS,CA,OE2,GLU,B,4.11313009262085,K,Carbon alpha,Oxygen epsilon 2
A,354,LYS,C,OD1,ASN,B,3.576631784439087,K,Carbon,Oxygen delta 1
A,355,ASN,OD1,OD1,ASN,B,2.8026788234710693,N,Oxygen delta 1,Oxygen delta 1
A,355,ASN,ND2,OE2,GLU,B,2.1839866638183594,N,Nitrogen delta 2,Oxygen epsilon 2
A,355,ASN,OD1,CD1,LEU,B,2.8532915115356445,N,Oxygen delta 1,Carbon delta 1
A,355,ASN,OD1,C,LYS,B,3.599762439727783,N,Oxygen delta 1,Carbon
A,358,LEU,CD1,OD1,ASN,B,3.078415632247925,L,Carbon delta 1,Oxygen delta 1
A,358,LEU,CB,CB,LEU,B,4.073938369750977,L,Carbon beta,Carbon beta
A,358,LEU,CD2,CA,LYS,B,4.390843391418457,L,Carbon delta 2,Carbon alpha
A,358,LEU,CD2,CG2,VAL,B,4.051496505737305,L,Carbon delta 2,Carbon gamma 2
A,359,LYS,N,CD1,LEU,B,4.389351844787598,K,Nitrogen,Carbon delta 1
A,361,LYS,NZ,OE1,GLU,B,2.878467321395874,K,Nitrogen zeta,Oxygen epsilon 1
A,361,LYS,CE,CG1,VAL,B,4.320034027099609,K,Carbon epsilon,Unknown
A,362,VAL,CG1,CD1,LEU,B,3.4782791137695312,V,Unknown,Carbon delta 1
A,362,VAL,CG1,CE,LYS,B,4.428607940673828,V,Unknown,Carbon epsilon
A,362,VAL,CG2,CG2,VAL,B,3.4484784603118896,V,Carbon gamma 2,Carbon gamma 2
A,365,LEU,CD1,CG,GLU,B,3.9564173221588135,L,Carbon delta 1,Carbon gamma
A,365,LEU,CD2,CD1,LEU,B,3.527287483215332,L,Carbon delta 2,Carbon delta 1
A,365,LEU,CD1,CG1,VAL,B,3.9430031776428223,L,Carbon delta 1,Unknown
A,366,GLU,OE1,CD1,LEU,B,3.8001348972320557,E,Oxygen epsilon 1,Carbon delta 1
A,366,GLU,OE1,NZ,LYS,B,3.1740269660949707,E,Oxygen epsilon 1,Nitrogen zeta
A,366,GLU,O,CE,MET,B,3.480433940887451,E,Oxygen,Carbon epsilon
A,368,GLU,OE2,NH2,ARG,B,2.8161449432373047,E,Oxygen epsilon 2,Nitrogen eta 2
A,368,GLU,OE1,CD2,LEU,B,2.8739235401153564,E,Oxygen epsilon 1,Carbon delta 2
A,369,LEU,CD2,OE1,GLU,B,2.900176525115967,L,Carbon delta 2,Oxygen epsilon 1
A,369,LEU,CD1,O,LEU,B,3.5020151138305664,L,Carbon delta 1,Oxygen
A,369,LEU,CB,CE,MET,B,3.5933988094329834,L,Carbon beta,Carbon epsilon
A,369,LEU,CD2,NE1,TRP,B,4.177669525146484,L,Carbon delta 2,Unknown
A,370,ALA,N,CE,MET,B,4.030857086181641,A,Nitrogen,Carbon epsilon
A,372,TRP,CZ2,CG,ARG,B,4.085608005523682,W,Unknown,Carbon gamma
A,372,TRP,NE1,CD2,LEU,B,4.090287208557129,W,Unknown,Carbon delta 2
A,372,TRP,CZ3,O,TRP,B,3.6056532859802246,W,Unknown,Oxygen
A,373,ARG,NH2,N,ASN,B,4.96282958984375,R,Nitrogen eta 2,Nitrogen
A,373,ARG,NH2,CB,GLN,B,3.38858699798584,R,Nitrogen eta 2,Carbon beta
A,373,ARG,NH2,OE2,GLU,B,2.7592954635620117,R,Nitrogen eta 2,Oxygen epsilon 2
A,373,ARG,NH2,O,ILE,B,2.8844547271728516,R,Nitrogen eta 2,Oxygen
A,373,ARG,NH1,CE,MET,B,3.778791904449463,R,Nitrogen eta 1,Carbon epsilon
A,373,ARG,CG,CZ2,TRP,B,4.073855876922607,R,Carbon gamma,Unknown
A,383,GLN,CB,NH2,ARG,B,3.4131479263305664,Q,Carbon beta,Nitrogen eta 2
A,384,ILE,O,NH2,ARG,B,2.8999671936035156,I,Oxygen,Nitrogen eta 2
A,385,ASN,N,NH2,ARG,B,4.99739933013916,N,Nitrogen,Nitrogen eta 2
A,386,MET,CE,N,ALA,B,4.011144638061523,M,Carbon epsilon,Nitrogen
A,386,MET,CE,NH1,ARG,B,3.7388453483581543,M,Carbon epsilon,Nitrogen eta 1
A,386,MET,CE,O,GLU,B,3.4240598678588867,M,Carbon epsilon,Oxygen
A,386,MET,CE,CB,LEU,B,3.6470189094543457,M,Carbon epsilon,Carbon beta
A,389,LEU,CD1,OE1,GLU,B,3.878960132598877,L,Carbon delta 1,Oxygen epsilon 1
A,389,LEU,CD1,CG1,VAL,B,3.3206307888031006,L,Carbon delta 1,Unknown
A,41,GLU,OE1,CB,ALA,C,3.380486488342285,E,Oxygen epsilon 1,Carbon beta
A,41,GLU,OE1,NH1,ARG,C,4.535487651824951,E,Oxygen epsilon 1,Nitrogen eta 1
A,41,GLU,OE2,O,GLU,C,4.7339396476745605,E,Oxygen epsilon 2,Oxygen
A,54,SER,O,N6,ATP,F,4.4938249588012695,S,Oxygen,Nitrogen 6
A,56,THR,O,N6,ATP,F,4.920853614807129,T,Oxygen,Nitrogen 6
A,86,GLN,O,O3G,ATP,F,4.148617744445801,Q,Oxygen,Oxygen 3 gamma
A,87,THR,OG1,O2G,ATP,F,3.0618321895599365,T,Oxygen gamma 1,Oxygen 2 gamma
A,88,GLY,N,O3B,ATP,F,3.039083957672119,G,Nitrogen,Oxygen 3 beta
A,89,SER,N,O1B,ATP,F,3.2000668048858643,S,Nitrogen,Oxygen 1 beta
A,9,ARG,NH2,N6,ATP,F,3.2551441192626953,R,Nitrogen eta 2,Nitrogen 6
A,90,GLY,N,O1B,ATP,F,2.6074771881103516,G,Nitrogen,Oxygen 1 beta
A,91,LYS,N,O1B,ATP,F,2.6042635440826416,K,Nitrogen,Oxygen 1 beta
A,92,THR,N,O2B,ATP,F,2.651135206222534,T,Nitrogen,Oxygen 2 beta
A,93,PHE,N,O1A,ATP,F,2.5273425579071045,F,Nitrogen,Oxygen 1 alpha
A,94,SER,N,O1A,ATP,F,4.630784511566162,S,Nitrogen,Oxygen 1 alpha
B,391,GLU,OE2,NH2,ARG,D,4.77555513381958,E,Oxygen epsilon 2,Nitrogen eta 2
